;;Frankreich (Erledigt);;Österreich;;Italien (Erledigt);;Schweiz;;Slowakei;;Schweden;;Niederlande;;Polen;;Tschechien;;Belgien (Erledigt);;Spanien;;Finnland (Erledigt);;Dänemark (Erledigt);;Norwegen;;Luxemburg (Erledigt);;Irland (Erledigt);;Slowenien;;Portugal;;Bulgarien  (Erledigt);;Rumänien;;Griechenland (Erledigt);;Estland (Erledigt);;Kroatien (Erledigt);;Litauen (Erledigt);;Ungarn;;Lettland (Erledigt);;Zypern;;Deutschland (Erledigt);;Gibraltar (Erledigt);Island (Erledigt);Liechtenstein (Erledigt);;;;;;;;;;;;;;;;;;;;;;;;;;;;;;;;;;;;;;;;;;;;
;;;;;;;;;;;;;;;;;;;;;;;;;;;;;;;;;;;;;;;;;;;;;;;;;;;;;;;;;;;;;;;;;;;;;;;;;;;;;;;;;;;;;;;;;;;;;;;;;;;;;;;;
Meldepflichtige Entsendetätigkeit;;Entsendungen von AN zur Erbringung von Dienstleistungen in der Form von Montagetätigkeiten, zur konzerninternen Mobilität, zum Messe: Aufbau;;Entsendungen von AN zur Erbringung von Montagetätigkeiten, Dienstleistungserbringung und Messe: Aufbau;;Entsendungen von AN zur Erbringung von Dienstleistungen (unabhängig ob konzernintern o. -extern), Vertrieb (außer Kaltakquise) und Messe: Aufbau;;"Entsendungen von AN zur Erbringung von Montagetätigkeiten, Projekttätigkeiten, zur konzerninternen Mobilität; Projekttätigkeiten und Messe: Aufbau";;Entsendungen von AN zur Erbringung von Dienstleistungen, Montage und Messe: Aufbau;;Entsendungen von AN zur Erbringung von Montagearbeiten, Messe:Standpersonal und Aufbau, Konzerninterne Entsendungen;;Entsendungen von AN zu jeglicher Erbringung einer Dienstleistung, Montage und konzerninterne Entsendung.;;"Entsendungen von AN zur Erbringung von Montagearbeiten, Messe:Standpersonal, Messe: Aufbau, 
Konzerninterne Entsendungen (nicht mehr meldepflchtig)";;Entsendungen von AN zur Erbringung von Montagearbeiten, Messe:Standpersonal, Messe: Aufbau, Konzerninterne Entsendungen;;Entsendungen von AN zur Erbringung von Montagetätigkeiten und Messen: Standpersonal & Aufbau;;mk;;"Entsendungen von AN zur Erbringung von Montagetätigkeiten, Messe: Standpersonal & Aufbau  

zur konzerninternen Mobilität meldepflichig bei > 5 Tage innerhalb der letzten 4 Monate (Bauarbeiten immer meldepflichtig)";;"meldepflichtig ab dem ersten Tag:
Entsendungen von AN für Messen; Standpersonal, Aufbau
meldepflichtig ab dem 9. Tag:
Entsendungen von AN für Montagetätigkeiten und zur konzerninternen Mobilität";;Entsendungen von AN zur Erbringung von Montagetätigkeiten, konzeninterne Entsendungen und jegliche Erbringung einer Dienstleistung;;Handwerkliche oder industrielle Tätigkeiten;;Sämtliche Entsendung nach Irland sind meldepflichtig;;Entsendungen von AN zur Erbringung Montagekeiten, Messe:Standpersonal und Aufbau und zur konzerninternen Mobilität;;Entsendungen von AN zur Erbringung von  Montagetätigkeiten, Messe: Standpersonal und Aufbau und zur konzerninternen Mobilität;;Entsendungen von AN zur Erbringung von  Montagetätigkeiten, zur konzerninternen Mobilität, Messe: Standpersonal und Aufbau;;Entsendungen von AN zur Erbringung von Dienstleistungen in der Form von Montagetätigkeiten und zur konzerninternen Mobilität;;"Montage, konzerninterne 
Entsendung Messe: 
Standpersonal, Aufbau ";;Entsendungen von AN zur Erbringung von Montagetätigkeiten Messe: Aufbau und zur konzerninternen Mobilität;;Entsendungen von AN zur Erbringung von Montagetätigkeiten, Messe: Standpersonal und Aufbau und zur konzerninternen Mobilität;;>30 Tagen ist jede Tätigkeit meldepflichtig;;Entsendungen von AN zur Erbringung von  Montagetätigkeiten, Messe: Standpersonal und Aufbau und zur konzerninternen Mobilität;;"Montage, Messe: 
Standpersonal, Aufbau 
Konzerninterne Entsendung ";;Entsendungen von AN zur Erbringung von Dienstleistungen in der Form von Montagetätigkeiten und zur konzerninternen Mobilität;;Montage, Messe: Standpersonal, Auf- und Abbau;;Alle Tätigkeiten sind Meldepflichtig;Erbringung einer Dienstleistung, Konzerninterne Entsendung, Fachgerechte Montage, Installation, Überwachung oder Reparatur von Maschinen;"Erbringung einer 
Dienstleistung (z.B. Montage, 
Beratung jeglicher Art, Leitung 
von Workshops, etc.)";;;;;;;;;;;;;;;;;;;;;;;;;;;;;;;;;;;;;;;;;;;;
Form der Abgabe der Meldung;;Meldung auf Online-Meldeportal (SIPSI-Meldung);;Meldung auf Online-Meldeportal (ZKO3-Meldung);;Meldung auf Online-Meldeportal;;Meldung auf Online-Meldeportal;;Meldung auf Online-Meldeportal;;Meldung auf Online-Meldeportal;;Meldung auf Online-Plattform;;"Meldung auf Online-Meldeportal 
Online-Antrag nur mit qualifizierter elektronischer Signatur oder „Trusted Profile“ möglich. Eine solche Signatur oder Profil kann zum aktuellen Zeitpunkt nur von polnischen Staatsbürgern, Anwohnern oder Unternehmen beantragt werden. Es empfiehlt sich daher die Abwicklung über einen Partner mit solchen Voraussetzungen oder die Meldung ansonsten per Post abzuwickeln.";;Meldung auf Online-Meldeportal;;Meldung auf Online-Meldeportal (Limosa-Meldung);;Meldung auf Online-Meldeportal (Jede Region Spaniens hat dahingehend ein eigenes Meldeportal);;Meldung auf Online-Meldeportal;;Meldung auf Online-Meldeportal (RUT-Meldung);;"Meldung auf Online-Meldeportal (Besonderheit in mehrstufigem Meldeverfahren; persönliche ID-Kontrolle)";;Meldung auf Online-Meldeportal oder per Email (Besonderheit in mehrstufigem Meldeverfahren);;E-Mail oder Postalisch;;Meldung auf Online-Meldeportal;;Meldung auf Online-Meldeportal;;Meldung auf Online-Meldeportal;;Meldung per E-Mail an lokales Arbeitsamt auf Rumänisch;;"Meldung per E-Mail (zum Teil auf Griechisch)
Antragssteller: Entsendender Arbeitgeber über das Ministerium für Arbeit und soziale Sicherheit: https://www.ypakp.gr/";;Meldung auf Online-Portal;;Meldung per E-Mail;;Meldung auf Online-Meldeportal;;Meldung auf Online-Meldeportal;;Meldung auf Onlineportal (in lettischer Sprache);;Meldung schriftlich per Post an Ministry of Civil Registry and Migration;;Online Portal Mindestlohn;;E-Mail;Online-Portal;Online-Portal;;;;;;;;;;;;;;;;;;;;;;;;;;;;;;;;;;;;;;;;;;;;
;;;;;;;;;;;;;;;;;;;;;;;;;;;;;;;;;;;;;;;;;;;;;;;;;;;;;;;;;;;;;;;;;;;;;;;;;;;;;;;;;;;;;;;;;;;;;;;;;;;;;;;;
Frist der Meldung;;Bis 24h am Vortag der Einreise;;Vor dem 1. Arbeitstag;;Spätestens am 1. Arbeitstag vor Arbeitsaufnahme;;"Spätestens 8 Tage vor Arbeitsbeginn
Bis zu 90 Arbeitstage im Kalenderjahr (pro Unternehmen – Einsätze in alle Kantone werden zusammengezählt)
können ohne ausländerrechtliche Bewilligung gemeldet werden.";;Vor dem 1. Arbeitstag;;Vor dem 1. Arbeitstag;;Vor dem 1. Arbeitstag;;"Meldung kann bis spätestens am Tag der
Arbeitsaufnahmen eingereicht werden";;Spätestens am 1. Arbeitstag vor Arbeitsaufnahme;;Vor dem 1. Arbeitstag;;Vor dem 1. Arbeitstag;;Vor dem 1. Arbeitstag;;Vor dem 1. Arbeitstag;;Spätestens 14 Tage nach Arbeitsbeginn;;Vor dem 1. Arbeitstag;;Vor dem 1. Arbeitstag;;Vor dem 1. Arbeitstag;;Spätestens am 1. Arbeitstag vor Arbeitsaufnahme;;Spätestens am 1. Arbeitstag vor Arbeitsaufnahme;;Vor dem 1. Arbeitstag;;Vor dem 1. Arbeitstag;;Vor dem 1. Arbeitstag;;Vor Einsatzbeginn;;"Vor Arbeitsbeginn
In dringenden Fällen von Reparatur- oder Instandsetzungsarbeiten kann die Meldung bis zum Tag
des Arbeitsbeginns eingereicht werden";;Vor dem 1. Arbeitstag;;Vor dem 1. Arbeitstag;;Spätestens am 1. Arbeitstag vor Arbeitsaufnahme;;Vor dem 1. Arbeitstag;;5 Tage vor dem 1. Arbeitstag;Vor dem 1. Arbeitstag;Vor Arbeitsaufnahme;;;;;;;;;;;;;;;;;;;;;;;;;;;;;;;;;;;;;;;;;;;;
;;;;;;;;;;;;;;;;;;;;;;;;;;;;;;;;;;;;;;;;;;;;;;;;;;;;;;;;;;;;;;;;;;;;;;;;;;;;;;;;;;;;;;;;;;;;;;;;;;;;;;;;
Inhalt der Meldung;Angaben zum entsendenden Arbeitgeber;Name, Anschrift, USt.-ID-Nummer, Sektor;;Name, Anschrift, USt.-ID-Nummer, Gewerbeberechtigung oder Unternehmensgegenstand;;Name, Anschrift, Steuernummer, USt.-ID-Nummer;;/;;Name, USt.-ID-Nummer, Anschrift, Amtsgericht welches das Unternehmen zugelassen hat;;"Name, Anschrift
Angaben zum Stellvertreter des entsendenden Arbeitgebers: Name, Ausweisnummer, Geburtsdatum, Anschrift, Kontaktdaten";;Name, Anschrift, USt.-ID-Nummer, Handelsregisternummer;;Name, Anschrift, USt.-ID-Nummer, E-Mail, Telefonnummer;;Name, Anschrift, USt.-ID-Nummer, Einreihung nach der Klassifikation der Wirtschaftsaktivitäten;;Name, Anschrift, USt.-ID-Nummer;;Name, Anschrift, USt.-ID-Nummer, steuerrechtliche Anschrift;;Name, Anschrift, USt.-ID-Nummer, Handelsregisternummer, E-Mail, Telefonnummer, Name des Geschäftführers;;Name, Anschrift, USt.-ID-Nummer, E-Mail, Telefonnummer;;Name, Anschrift, USt.-ID-Nummer, E-Mail, Telefonnummer;;Name, Anschrift, USt.-ID-Nummer, Handelsregisternummer, E-Mail, Telefonnummer;;Name, Anschrift;;Name, Anschrift, E-Mail, Telefonnummer, Branche, Geschäftsführer: Name, Geburtsdatum, Geburtsort;;Name, Anschrift, Kontaktdaten, USt-ID-Nummer;;Name, Anschrift, Handelsregisternummer, Name Geschäftsführer;;Name, Anschrift, USt.-ID-Nummer;;Name, Anschrift, Steuer-ID, Kontakt (Telefon, Email);;Name, Anschrift, Handelsregisternummer, Branchenbezeichnung, Kontaktinformationen;;Name, Anschrift, Ust.-ID-Nummer;;Name, Anschrift, Kontakdaten, Branche, Ust-ID;;Name, Adresse, Staat, Handelsregisternummer;;" Name, Anschrift, Registernummer, 
Name Geschäftsführer, Telefonnummer, E-Mailadresse  ";;Name, Anschrift, Rechtsform;;/;;"Name, Anschrift, Kontaktdaten, 
USt.-ID-Nummer, Handelsregisternummer";" Name, Adresse, Name des 
Geschäftsführers, USt.-ID-Nr. und E-Mail-Adresse ";"Name, Adresse, Branche 
Kontaktperson inkl. Telefonnummer und E-Mailadresse";;;;;;;;;;;;;;;;;;;;;;;;;;;;;;;;;;;;;;;;;;;;
;Angaben zum entsandten Arbeitnehmer;Name, Anschrift, Geburtsdatum, Geburtsort, Geschlecht, berufliche Qualifikation, Position im Ausland, Angaben zum Bruttostundenlohn;;Name, Anschrift, Geburtsdatum, Sozialversicherungsnummer, Staatsangehörigkeit, Sozialversicherungsträger;;Name, Geburtsdatum, Geburtsort, Geburtsstaat, Nationalität, Sozialversicherungsnummer, Tätigkeitsbeschreibung;;Name, Geburtsdatum, Geschlecht, Staatesangehörigkeit, Sozialversicherungsnummer, Tätigkeitsbeschreibung, Funktion, Bruttostundenlohn;;Name, Anschrift, Geburtsdatum, Nationalität, Tätigkeitsbeschreibung;;Name, Anschrift, Ausweisnummer;;Name, Geschlecht, Geburtsdatum, Nationalität, Ausweis-/Passnummer, niederländische Bürgerservicenr. (falls vorhanden), E-Mail-Adresse;;Name, Geburtsdatum, Nationalität;;Name, Anschrift, Geburtsdatum, Nationalität, Ausweisnummer, ausstellende Behörde, Qualifikation und Position;;Name, Anschrift, Geburtsdatum, Nationalität, Sozialversicherungsnummer;;Name, Anschrift, Geburtsdatum, Personalausweisnummer, Berufsausbildung;;/;;"Name, Geburtsdatum; Nationalität, Personalausweisnummer, Berufsbezeichnung, E-Mail, Telefonnummer";;Name, Anschrift, Geburtsdatum, Personalausweisnummer, Berufsbezeichnung, E-Mail, Telefonnummer;;Name, Geburtsdatum, Nationalität, Beruf und Qualifikation mit Zeugnissen, Art der Tätigkeiten im Heimat- und Entsendeunternehmen;;Name, Anschrift, Geburtsdatum, Nationalität, Sozialvericherungsnummer, Berufsbezeichnung, Gültigkeit Arbeitserlaubnis bei Drittstaatsangehörigen;;Name, Geburtsdatum, Nationalität;;Name, Geburtsdatum, Ausweisnummer, Geschlecht, Berufsbezeichnung;;Name, Anschrift, Geburtstag, Geburtsort, Nationalität, Passnummer, Art der Tätigkeit;;Name, Geburtsdatum, Sozialversicherungsnummer, Nationalität, Berufsbezeichnung inkl. COR-Code;;"Name, Vorname, Geburtsdatum,
Privatadresse, Arbeitsadresse, Telefonnummer, E-Mailadresse";;Name, Pass- oder Ausweisnummer;;Name, Geburtsdatum, Geburtsort, Nationalität, Pass- oder Ausweisnummer;;Name, Nationalität, Geburtsdatum, Tätigkeitsbereich in litauischem Unternehmen, Ausweisnummer und Gültigkeitsdauer;;Name, Tätigkeitsbeschreibung;;"Name: Name, Personalausweis- 
oder Reisepassnummer, Angaben zur Sozialversicherungsbescheinigung 
(ausstellendes Land, Nummer der Bescheinigung) Kontaktadressen";;Name, Ausweisnummer, Berufsbezeichnung;;Name, Anschrift, Geburtsdatum;;" Name, Anschrift, Geburtsdatum, 
Geschlecht, Nationalität, Pass- oder Ausweisnummer, Arbeitszeit, 
Berufsbezeichnung, Gehalt, Tätigkeitsbeschreibung";"Name, Privatanschrift, Geburtsdatum, 
Nationalität, berufliche Qualifikation, Aufenthaltsadresse in Island ";"Name, Privatadresse, 
Staatsangehörigkeit, Geburtsdatum Sozialversicherungsnummer, 
Reisedokument inkl. Nummer, Gültigkeit und ausstellende Behörde. ";;;;;;;;;;;;;;;;;;;;;;;;;;;;;;;;;;;;;;;;;;;;
;Angaben zum Auftraggeber;Name, Anschrift, USt.-ID-Nummer;;Name, Anschrift;;Name, italiniesche Steurnummer;;Name, Anschrift;;Name, Anschrift;;/;;Name, Anschrift, Handelsregisternummer o. Nummer der niederländischen Kamer van Koophandel, USt.-ID-Nummer;;Name, Anschrift, USt.-ID-Nummer;;Name, Anschrift, USt.-ID-Nummer, Ansprechpartner inkl. Kontaktangaben;;Name, Anschrift, belgische Unternehmensidentifizierungsnummer (ZUD- oder LSS-Nr.);;Name, Anschrift, Kontaktperson des Unternehmens;;Name, Anschrift, finnische USt.-ID-Nummer, E-Mail, Telefonnummer;;Name, Anschrift, CRV-Nummer (Dänische Handelsregisternummer);;Name, Anschrift, USt.-ID-Nummer;;Name, Anschrift, luxemburgische MwSt.-Nummer;;Name, Anschrift;;Name, Anschrift, E-Mail, Telefonnummer;;Name, Anschrift, portugiesischeSteuernummer/ USt.-ID-Nummer, Branche;;Name, Anschrift, Regestriernummer, Branche;;Name, Anschrift, USt.-ID-Nummer (CUI-Nummer);;Name, Anschrift, Hauptsitz, Rechtsform des Unternehmens, und die Umsatzsteuer-Identifikationsnummer des Unternehmens oder der Unternehmen;;Name, Anschrift, Handelsregisternummer, Branchenbezeichnung, Kontaktperson inkl. Kontaktinformationen;;Name, Anschrift;;Name, Anschrift, Kontakdaten, Tätigkeitsbereich des Unternehmens;;Name, Anschrift;; Name, Anschrift, Registernummer, Branche.;;Name, Anschrift, Rechtsform;;/;;Name, Anschrift, Kontaktdaten, Handelsregisternummer;/;" Name, Adresse, Kontaktperson inkl. 
Telefonnummer und E-Mailadresse";;;;;;;;;;;;;;;;;;;;;;;;;;;;;;;;;;;;;;;;;;;;
;zusätzliche Angaben;Zeitraum der Entsendung, Anschriften des Einsatzortes, Art der Diensteistung, Wochenarbeitszeit (inkl. Freien Tagen), Angaben zur Kostenübernahme, Bruttomonatsgehalt. Angaben zum Ansprechpartner: Name, Geburtsdatum, Geburtsort, Anschrift, ggf. SIRET-Nummer. Angaben zum entsendenden Geschäftsführer: Name, Geburtsdatum, Geburtsort;;Zeitraum der Entsendung, Anschriften des Einsatzortes, Normalarbeitszeit, Entgeltnachweis;;Zeitraum der Entsendung, Anschriften des Einsatzortes, Art der Diensteistung, Angaben zum entsendenden Geschäftsführer: Name, Geburtsdatum, Geburtsort, Geburtsstaat, Nationalität, Sozialversicherungsnummer, Privatanschrift;;Zeitraum der Entsendung, Anschrift des Einsatzortes, Art der Dienstleistung, Angaben zum lokalen Anprechpartner: Name und Kontaktdaten;;Zeitraum der Entsendung, Anschrift des Einsatzortes, Angaben zum lokalen Anprechpartner: Name und Kontaktdaten;;Zeitraum der Entsendung, Art der Dienstleistung, Einsatzort, Angaben zum lokalen Anprechpartner: Name, Kontaktdaten, Geburtsdatum, Ausweisnummer. ;;"Zeitraum der Entsendung, Einsatzort. Branche, in dem die Aktivitäten in den Niederlanden durchgeführt werden inkl. SBI-Code. 
Identität des Meldenden: Name, Geschlecht, Geburtsdatum, Nationalität, Ausweis-/Passnummer, Telefonnummer, E-Mail-Adresse
Vollständiger Name, Geburtsdatum, Staatsangehörigkeit und Telefonnummer des zeichnungsberechtigten Vertreters des Heimatunternehmens";;Zeitraum der Entsendung, Einsatzadresse, Art der Dienstleistung, Personendaten des lokalen Ansprechpartners, Aufbewahrungsort der entsendebezogenen Unterlagen;;"Zeitraum der Entsendung, Art der Tätigkeit, Anschrift des Einsatzortes 
Seit 1. Juli 2024: Upload einer Bescheinigung über das Arbeitsverhältnis (z.B. Arbeitsvertag) in
Tschechischer oder Slowakischer Sprache notwendig";;Zeitraum der Entsendung, Art der Tätigkeit, Anschrift des Einsatzortes, Wochenarbeitszeit;;Zeitraum der Entsendung, Art der Tätigkeit, Anschrift des Einsatzortes;;Zeitraum der Entsendung, Anschrift des Einsatzortes, Angaben zum lokalen Ansprechpartner: Name, Anschrift, E-Mail, Telefonnummer, Anzahl inkl. Nament entsendeter Mitarbeiter;;Zeitraum der Entsendung, Anschrift des Einsatzortes, Angaben zum lokalen Ansprechpartner (Name, Telefonnummer, Zeitraum in dem dieser als Kontaktperson agiert);;"Vor der Mitarbeiterentsendung muss das entsendende Unternehmen eine Organisationsnummer beantragen.Die Meldung erfolgt in mehreren Schritten:
1. Online-Antrag mit Formular RF1199 für D-Nummer
Angaben zum Arbeitnehmer, zum entsendenden Arbeitgeber, zum Auftraggeber, Einsatzort der Entsendung, Arbeitsvertrag
2. Persönliche Vorstellung zur ID-Kontrolle bei der zuständigen örtlichen Behörde
Ausgefülltes Formular RF1209, Schriftlicher Nachweis über die Zuweisung von Arbeitsaufgaben in Norwegen, ausgestellt und unterschrieben vom Arbeitgeber Passkopie
3. Ausstellung der D-Nummer
4. Ausstellung der Tax-Deduction-Card oder HMS-Card für Bauarbeiten";;"Meldung in drei Schritten
• Meldung an Wirtschaftsministerium
• Meldung an Einregistrierungs- und Domänenverwaltung: wegen Mehrwertsteuer (Bei entsandten Arbeitnehmern aus Drittstaaten: Beantragung des Aufenthaltstitels)
Für die Zwecke der Besteuerung muss sich das Unternehmen registrieren und einen Fragebogen zur steuerlichen Erfassung bei der Einregistrierungs- und Domänenverwaltung einreichen
• Entsendemeldung: für sozialen Identitätsausweis
";;Zeitraum der Entsendung, Brutto-Lohn pro Woche, Brutto-Stundenlohn, Arbeitsstunden pro Woche, Art der Tätigkeit;;Zeitraum der Entsendung, Art der Tätigkeit, Anschrift des Einsatzortes;;Zeitraum der Entsendung, Anschrift des Einsatzortes;;"Zeitraum der Entsendung, Anschrift des Einsatzortes. Angaben zum entsendenden, Anzahl der Mitarbeiter Geschäftsführer: Name, Geburtsdatum, Geburtsort, Repräsentant in Bulgarien (inkl. Name, ??? Nummer, Anschrift, E-Mail und Telefon)

• Es sind keine Beschränkungen für die Erbringung von Montage- oder Dienstleistungen bekannt.
• Bis zu 90 Tage ohne Aufenthaltsbescheinigung möglich. Ab dem 91. Tag ist eine Meldung bei der
örtlichen Ausländerbehörde für die „Bescheinigung für EU-Bürger“ nötig.
• Alle Änderungen sind umgehend zu melden.";;Zeitraum der Entsendung, Art der Tätigkeit, Anschrift des Einsatzortes, Arbeitsvertrag, Angaben zum Ansprechpartner: Name, Wohnadresse, Telefonnummer, E-Mail-Adresse;;"Zeitraum der Entsendung, Art der Tätigkeit, Anschrift des Einsatzortes. Angaben zum entsendenden Geschäftsführer: Name, Vorname, Geburtsdatum,
Privatadresse, Arbeitsadresse, Telefonnummer, E-Mailadresse

Dokument je Mitarbeiter in zweifacher Ausführung*:
• Name, Vorname, Personalausweis- oder Reisepassnummer und ausstellendes Land, Geburtsdatum,
Geschlecht und Berufssparte der entsandten Arbeitnehmer
* Ein Exemplar der Meldung wird vom Zielunternehmen an einem sichtbaren Ort am Arbeitsplatz ausgehängt,
das andere verbleibt in den Akten der zuständigen Behörden der Arbeitsaufsichtsbehörde.";;Zeitraum der Entsendung, Art der Tätigkeit, Anschrift des Einsatzortes, Angaben zu lokalen Anprechpartner: Name und Kontaktinformationen;;"Zeitraum der Entsendung, Art der Tätigkeit, Anschrift des Einsatzortes, Angaben zum Aufbewahrungsort der mitgeführten Dokumente. 
Angaben zum entsendenden Geschäftsführer: Name, Pass- oder Ausweisnummer, Geburtsdatum, Geburtsort. 
Angaben zum Ansprechpartner: Name, Pass- oder Personalausweisnummer, Telefonnummer, EMail-
Adresse";;Zeitraum der Entsendung, Anschrift des Einsatzortes, Angaben zum Aufbewahrungsort der mitgeführten Dokumente;;"Zeitraum der Entsendung, Art der Tätigkeit, Kontakdaten des Ansprechpartners

Beispiel: Geschäftliche Besprechungen sind meldefrei, kommt es jedoch während des Gesprächs zum Vertragsabschluss, so ist dies meldepflichtig
• Alle Änderungen müssen gemeldet werden
• Bei mehr als 90 Tagen Aufenthalt muss Aufenthaltserlaubnis eingeholt werden";;Zeitraum der Entsendung, Art der Tätigkeit, Anschrift der Einsatzorte.Angabe zum gesetzlichen Vertreter des Arbeitgebers: Name, Telefonnummer ;;Zeitraum der Entsendung, Art der Tätigkeit, Anschrift der Einsatzorte;;"Lokaler Ansprechpartner: Name, Anschrift, Geburtsdatum, Zeitraum der Entsendung, Art der Dienstleistung, Einsatzorte, Ort der hinterlegten Dokumente                    Die Meldepflicht gilt nur für ausgewählte Branchen 
Nach dem AentG: 
o Aus- und Weiterbildungsdienstleistungen nach dem Zweiten oder 
Dritten Buch Sozialgesetzbuch 
o Bauhauptgewerbe 
o Dachdeckerhandwerk 
o Elektrohandwerke 
o Gebäudereinigungsleistungen 
o Gerüstbauerhandwerk 
o Maler- und Lackiererhandwerk 
o Pflegedienstleistungen 
o Schlachten und Fleischverarbeitung (Fleischwirtschaft) 
o Schornsteinfegerhandwerk 
o Sicherheitsdienstleistungen (Sicherheitskräfte an Verkehrsflughäfen) 
o Steinmetz- und Steinbildhauerhandwerk 
 
 
Ausnahmen* von der Meldepflicht nach dem MiLoG: 
Arbeitnehmerinnen und Arbeitnehmer, 
• die ein verstetigtes Arbeitsentgelt von mehr als 4.461 Euro 
brutto/Monat erhalten oder 
• deren verstetigtes regelmäßiges Monatsentgelt brutto 2.974 Euro 
überschreitet und denen der Arbeitgeber dieses Monatsentgelt für die letzten vollen zwölf Monate (Zeiten ohne Anspruch auf Arbeitsentgelt 
bleiben unberücksichtigt) nachweislich gezahlt hat ";;Zeitraum der Entsendung                                                             ;Angaben zum Ansprechpartner in Island: Name und E-Mail-Adresse                                                                                                                      Zeitraum der Entsendung, Anschriften des Einsatzortes, Art der Dienstleistung;"Einsatzort                                                                       Dienstreisen können bis zu 90 Tage im Kalenderjahr über ein Onlineportal 
erfasst werden.  
• Dienstreisen über 90 Tage pro Kalenderjahr sind bewilligungspflichtig:  
o Hierfür wird eine GDL-Bewilligung benötigt.  
o Beantragung ist spätestens vier Wochen vor Ablauf der 90 Tage im 
Onlineverfahren zu stellen 
Ggfs. Beantragung Gewerbe-Meldebestätigung";;;;;;;;;;;;;;;;;;;;;;;;;;;;;;;;;;;;;;;;;;;;
Lokaler Ansprechpartner;Aufenthalt im Aufnahmestaat;Ja;;Ja;;Ja;;Ja;;Ja;;Ja;;Ja;;Ja;;Ja ;;Ja ;;Ja;;Ja;;Ja;;Nein;;Ja;;Nein;;Ja;;Ja;;Ja;;Ja;;Nein;;Ja;;Ja;;Nein;;Ja;;Nein;;Nein;;Nein;;Nein;Ja;Ja;;;;;;;;;;;;;;;;;;;;;;;;;;;;;;;;;;;;;;;;;;;;
;Wohnsitz im Aufnahmestaat;Nein;;Nein;;Ja;;Ja;;Ja;;Nein;;Ja;;Ja;;Nein;;Nein;;Ja;;Ja;;Ja;;Nein;;Nein;;Nein;;Nein;;Ja;;Ja;;Nein;;Nein;;Nein;;Ja;;Nein;;Nein;;Nein;;Nein;;Nein;;Nein;Nein;Nein;;;;;;;;;;;;;;;;;;;;;;;;;;;;;;;;;;;;;;;;;;;;
;Besonderheiten;Der Ansprechpartner in Form einer natürlichen oder juristischen Person muss während der Entsendung vor Ort sein. Dies kann ein Mitarbeiter des empfangenden Unternehmens sein, aber auch der entsandte Mitarbeiter. In diesem Fall muss die Hoteladresse angegeben werden. Französiche Sprachkenntnis erforderlich. ;;Als Ansprechpartner benannt werden muss: der nach AT entsandte Arbeitnehmer oder ein in AT enstandter Wirtschaftstreuhänder, RA oder Notar. Ansprechpartner muss über relevanten Entsendeunterlagen verfügen.;;"Zwei Ansprechpersonen (Eine Person mit Vertretungsbefugnis gegenüber Behörden)
";;"Als Kontaktangaben in der Schweiz müssen die Angaben einer Person in der Schweiz erfasst werden,
an die sich die schweizerischen Behörden während des Einsatzes wenden können. Z.B. kann
der Auftraggeber oder den für die auszuführenden Arbeiten verantwortlichen Generalunternehmer, Architekt,
Werkmeister usw. angegeben werden. In all diesen Fällen muss die betreffende Person wissen, dass sie gegenüber
den schweizerischen Behörden als Kontaktperson bezeichnet worden ist. Sie muss in der Lage
sein, Fragen der Behörden zu beantworten";;;;Entsandter AN kann als Ansprechpartner bennant werden, wenn er während gesamten Dauer der Entsendung vor Ort ist.;;"Kontaktperson vor Ort: Name, Geschlecht, Geburtsdatum, Nationalität, Ausweis-/Passnummer, niederländische Bürgerservicenr. (falls vorhanden), E-Mail-Adresse, Telefonnummer. Adresse in den Niederlanden
Allerdiengs kann der entsandte AN als Ansprechpartner bennant werden, wenn er während gesamten Dauer der Entsendung vor Ort ist.";;/;;/;;/;;/;;"Ja, Vertreter kann juristische oder natürliche Person sein, Kontakdaten des Vertreters müssen an die OHS-Behörden gesandt werden.
Vertreter: ab >10 Tagen und Auftragswert ab 9.000€, der Vertreter ist spätestens mit Beginn der Beschäftigung des entsandten AN zu bestellen";;/;;Es ist kein lokaler Ansprechpartner zu benennen;;Ja, Der Arbeitgeber muss für die gesamte Dauer der Entsendung eine natürliche oder juristische Person benennen, die sich in Luxemburg befindet und als Bezugsperson für die Kommunikation mit der ITM und den anderen in Sachen Einhaltung der Entsendungsbedingungen zuständigen Behörden, d. h. die Einregistrierungs- und Domänenverwaltung und die Polizei, fungiert. Dies kann auch der ent-sandte Mitarbeiter selbst sein.;;/;;/;;/;;/;;/;;/;;/;;/;;/;;Der entsandte AN kann  als Ansprechpartner auftreten, sofern er die ungarische Sprache beherrscht;;/;;/;;/;;/;/;/;;;;;;;;;;;;;;;;;;;;;;;;;;;;;;;;;;;;;;;;;;;;
Mitzuführende Dokumente;;A1 Bescheinigung, Kopie der Meldung, Arbeitsvertrag, Lohn-/Gehaltsnachweis, Lohnzahlungsnachweis, Arbeitszeitnachweis, ggf. Vertreterbestimmung, Arbeitserlaubnis sowie arbeitsmedizinisches Attest (Arbeitsfähigkeitsbescheinigung);;A1 Bescheinigung, Kopie der Meldung, Arbeitsvertrag, Lohn-/Gehaltsnachweis, Lohnzahlungsnachweis, Lohnaufzeichnung, Lohneinstufung, Arbeitszeitnachweis;;A1-Bescheinigung, Meldebesceinigung, Arbeitsvertrag, Lohn-/Stundenzettel, Entgeltnachweis, Entsende-,Werkliefer- oder Dienstleistungsvertrag, Personalausweis, Entsendungsmeldung;;A1 Bescheinigung, Kopie der Meldung, Kopie des Arbeitsvertrages;;A1 Bescheinigung, Arbeitsvertrag, Lohn-/Gehaltsnachweis, Arbeitszeitnachweis;;A1 Bescheinigung, Kopie der Meldung;;A1 Bescheinigung, Kopie der Meldung, Arbeitsvertrag, Lohn-/Gehaltsnachweis, Lohnzahlungsnachweis, Arbeitszeitnachweis;;A1 Bescheinigung, Kopie der Meldung, Arbeitsvertrag, Lohn-/Gehaltsnachweis, Lohnzahlungsnachweis, Arbeitszeitnachweis;;A1 Bescheinigung, Kopie der Meldung, Arbeitsvertrag, Qualifikationsnachweis und höchster Bildungsabschluss des Arbeitnehmers;;A1 Bescheinigung, Kopie der Limosa-Meldung;;A1 Bescheinigung, Kopie der Meldung, Arbeitsvertrag mit Auftraggeber, Lohn-/Gehaltsnachweis, Arbeitszeitnachweis, Bauunternehmen: REA-Registrierung, Besondere Zulassungen, falls nötig;;A1 Bescheinigung, Kopie der Meldung, Entgeltnachweis Lohn-/Gehaltsnachweis, Arbeitszeitnachweis, Identifikationsunterlagen zum entsandten Arbeitnehmer sowie zum entsendenden Unternehmen, Erklärung über die Beschäftigungsbedingungen, die für den Arbeitsvertrag des entsandten Arbeitnehmer gelten, Erklärung über Kenntnis der Gesetzeslage, Erklärung zu Gründen der Entsendung;;A1 Bescheinigung, RUT-Meldung;;A1 Bescheinigung, Entsendender Arbeitgeber muss monatliche Entgeltnachweise, Vergütungen, Erstattungen, Arbeitgeberabgaben über die A-Meldung gebracht werden. Angaben zum entsandten Arbeitnehmer inkl. D-Nummer (im Rahmen des Meldeverfahrens zu beantragende Personennummer);;A1 Bescheinigung, Kopie der Meldung, Arbeitsvertrag, Lohn-/Gehaltsnachweis, Arbeitszeitnachweis, Qualifikationsnachweis des Arbeitgebers, Die von der Einregistrierungs- und Domänenverwaltung ausgestellte MwSt.-Bescheinigung, Kopie der ärztlichen Einstellungsbescheinigung, Sozialer Identitätsausweis, Arbeitsstundennachweis;;A1 Bescheinigung, Arbeitsvertrag, Lohn-/Gehaltsnachweis, Arbeitszeitnachweis;;A1 Bescheinigung, Kopie des Arbeitsvertrags, Lohn-/Gehaltsnachweis, Arbeitszeitnachweis, Kopie des Vertrags zwischen entsendendem und auftraggebendem Unternehmen in slowenischer Sprache, Entsendemeldung in slowenischer Sprache;;A1 Bescheinigung, Kopie des Arbeitsvertrags, Lohn-/Gehaltsnachweis, Arbeitszeitnachweis am angegebenen Einsatzort;;A1-Bescheinigung, Entsendermeldung, Pass- oder Ausweiskopie, Arbeits- und Werksvertrag;;A1 Bescheinigung, Kopie des Arbeitsvertrags, Lohn-/Gehaltsnachweis, Arbeitszeitnachweis, Liste aller entsandter Arbeitnehmer;;A1 Bescheinigung, Meldebescheinigung, Empfehlung: Ausweis oder Reisepass;;A1 Bescheinigung, Ausweis oder Reisepass, Arbeitsvertrag, Lohn-/Gehaltsnachweis, Arbeitszeitplan;;A1 Bescheinigung, Kopie der Meldung;;"A1 Bescheinigung, Arbeitsvertrag, Falls nicht im Arbeitsvertrag enthalten: Nachweise zu Arbeits- und Ruhezeiten, Urlaub, Vergütung,
Überstundenbezahlung";;A1 Bescheinigung, Kopie der Meldung, Arbeitsvertrag, Lohn-/Gehaltsnachweis, Arbeitszeitnachweis;;A1 Bescheinigung, Arbeitsvertrag, Lohn-/Gehaltsnachweis, Arbeitszeitnachweis;;A1 Bescheinigung, Kopie des Arbeitsvertrags, Lohn-/Gehaltsnachweis, Arbeitszeitnachweis;;A1-Bescheinigung, Ausweis- oder Reisepass, Arbeitsvertag, Arbeitsaufzeichnungen, Lohnabrechnungen, Entgeltnachweise;;Meldeformular, A1-Bescheinigung, Ausweis, Kopie des Arbeitsvertrags auf Englisch (Arbeitszeiten und Gehalt ersichtlich);A1-Bescheinigung, Kopie des Dienstleistungs- und Arbeitsvertrags, Arbeitszeitnachweis, Entgeltnachweis;"Ausweis oder Reisepass, Arbeitsvertrag, Vereinbarungen über Entsendezulagen und Spesenentschädigungen in 
deutscher Sprache , A1-Bescheinigung";;;;;;;;;;;;;;;;;;;;;;;;;;;;;;;;;;;;;;;;;;;;
;Besonderheiten;/;;Erforderliche Lohnunterlagen sind in deutscher Sprache, Arbeitsvertrag in deutscher oder in englischer Sprache mitzuführen;;Die erforderlichen Dokumente sind in die italienischer Sprache übersetzt mitzuführen;;/;;Die erforderlichen Dokumente müssen ggf. nach Aufforderung der nationalen Aufsichtsbehörde ins Slowakische übersetzt werden;;/;;/;;/;;Der Arbeitsvertrag muss in die tchechischer Sprache übersetzt werden ;;/;;Alle aufgeführten Dokumente sind in die spanische Sprache zu übersetzen und mitzuführen;;/;;/;;/;;/;;/;;Alle aufgeführten Dokumente sind in die slowenische Sprache zu übersetzen und mitzuführen.;;Alle aufgeführten Dokumente müssen in die portugiesische Sprache übersetzt werden und an einem klar definierten Ort in Portugal aufbewahrt werden.;;/;;"Die Dokumente müssen als Kopie in rumänischer Sprache 
vorliegen";;/;;Dokumente müssen in Estland geltende Arbeitsbedingungen nachweisen (Auf englisch akzeptiert, auf Verlangen übersetzung auf Estnisch);;/;;/;;/;;Die erforderlichen Dokumente müssen ggf. nach Aufforderung der Aufsichtsbehörde ins Lettische übersetzt werden;;/;;/;;/;/;/;;;;;;;;;;;;;;;;;;;;;;;;;;;;;;;;;;;;;;;;;;;;
Mobile Arbeit;;Mobiles Arbeiten fällt nicht unter die Meldepflicht;;"Mobiles Arbeiten fällt nicht unter die Meldepflicht insofern der vorübergehende Ortswechsel auf alleinigen privaten Wunsch des Mitarbeiters erfolgt und der Arbeitgeber daraus keinen Vorteil sieht, sowie dass die Tätigkeiten des Mitarbeiters in Österreich ausschließlich in virtuellen
Arbeitsvorgängen bestehen, die im selben Umfang auch am gewöhnlichen Arbeitsort außerhalb Österreichs möglich wären.";;Mobiles Arbeiten fällt nicht unter die Meldepflicht;;Mobiles Arbeiten fällt ggfs. unter die Bewilligungspflicht;;Mobiles Arbeiten fällt nicht unter die Meldepflicht;;Mobiles Arbeiten fällt in Schweden nicht unter die Meldeplicht;;"Mobiles Arbeiten fällt in den Niederlanden nicht unter 
die Meldepflicht";;Mobiles Arbeiten fällt in Polen nicht unter die Meldepflicht;;Mobiles Arbeiten fällt in Tschechien nicht unter die Meldepflicht;;In Belgien fällt mobiles Arbeiten unter die Limosa Meldepflicht;;Mobiles Arbeiten fällt in Spanien nicht unter die Meldepflicht;;Mobiles Arbeiten fällt in Finnland nicht unter die Meldepflicht;;"Mobiles Arbeiten fällt in Dänemark nicht unter die 
Meldepflicht";;Mobiles Arbeiten fällt in Norwegen nicht unter die Meldepflicht;;"Mobiles Arbeiten fällt in Luxemburg nicht unter die 
Meldepflicht";;Mobiles Arbeiten fällt in Irland nicht unter die Meldepflicht;;;;;;"Mobiles Arbeiten fällt in Bulgarien nicht unter die 
Meldepflicht";;"Mobiles Arbeiten fällt in Rumänien nicht unter die Meldepflicht. Ab einem Aufenthalt von 3 Monaten
wird jedoch auch bei EU-Staatsbürgern eine Aufenthaltserlaubnis benötigt, welche nur unter
bestimmten Umständen erteilt wird.";;"Die Regelungen zum mobilen Arbeiten wurden in Griechenland noch nicht adaptiert. Gemäß den
aktuellen Regelungen fällt mobiles Arbeiten jedoch nicht unter die Verpflichtungen der EU-Meldung.
Drittstaatsangehörige benötigen jedoch ggfs. ein „Digital Nomad Visa“";;Mobiles Arbeiten fällt in Estland nicht unter die EU-Meldepflicht;;Mobiles Arbeiten fällt in Kroatien nicht unter die Meldepflicht;;Mobiles Arbeiten fällt in Litauen nicht unter die Meldepflicht;;;;Mobiles Arbeiten fällt in Lettland nicht unter die Meldepflicht ;;;;Mobiles Arbeiten fällt in Deutschland nicht unter die Meldepflicht.   ;;Mobiles Arbeiten fällt in Gibraltar nicht unter die Meldepflicht.;Mobiles Arbeiten fällt in Island nicht unter die Meldepflicht ;Mobiles Arbeiten fällt in Liechtenstein nicht unter die Meldepflicht ;;;;;;;;;;;;;;;;;;;;;;;;;;;;;;;;;;;;;;;;;;;;
Pflichten nach Aufenthalt für den entsendenden AG;;Aufbewahrungspflicht der relevanten Unterlagen von zwei Jahren ;;Aufbewahrungspflicht der relevanten Unterlagen von zwei Jahren ;;Aufbewahrungspflicht der relevanten Unterlagen von zwei Jahren ;;nicht näher definiert;;Aufbewahrungspflicht der relevanten Unterlagen für nicht näher definierten Zeitraum;;Aufbewahrungspflicht der relevanten Unterlagen von zwei Jahren ;;"Mitzuführende Dokumente müssen 5 Jahre lang aufbewahrt 
werden";;Aufbewahrungspflicht der relevanten Unterlagen von zwei Jahren ;;"Neu: Keine Dokumentationspflicht
(Aufbewahrungspflichten der relevanten für die Dauer der Entsendung und für einen Zeitraum von drei Jahren.) ";;Aufbewahrungspflicht der relevanten Unterlagen von einem Jahr;;nicht näher definiert;;Aufbewahrungspflicht der relevanten Unterlagen von zwei Jahren ;;nicht näher definiert;;Steuererklärungspflicht im Folgejahr der Entsendung in Norwegen (Arbeitnehmer);;keine;;Nicht näher definiert;;Kontrollen und Sanktionen sind unüblich;;Aufbewahrungspflicht der relevanten Unterlagen von einem Jahr;;nicht näher definiert;;Aufbewahrungspflicht der relevanten Unterlagen von drei Jahren ;;keine;;Für AG besteht Aufbewahrungspflicht der relevanten Unterlagen von sieben Jahren ;;Für AG besteht Aufbewahrungspflicht der relevanten Unterlagen von einem Jahr;;keine;;Unterlagen müssen nur während der Entsendung vorliegen;;Für AG besteht Aufbewahrungspflicht der relevanten Unterlagen von zwei Jahren ;;nicht bekannt;;Nicht näher definiert;;Nicht definiert;"Dokumente müssen 1 Monat nach Beendigung der Entsendung aufbewahrt 
werden ";Keine Aufbewahrungspflichten;;;;;;;;;;;;;;;;;;;;;;;;;;;;;;;;;;;;;;;;;;;;
;;;;;;;;;;;;;;;;;;;;;;;;;;;;;;;;;;;;;;;;;;;;;;;;;;;;;;;;;;;;;;;;;;;;;;;;;;;;;;;;;;;;;;;;;;;;;;;;;;;;;;;;
Sanktionen;;"4.000€ pro entsandten Arbeitnehmer bis 500.000€ für das Unternehmen bei Nicht-Benennung eines Vertreters, Verspätung oder Versäumnis der Meldung. Bei wiederholtem Verstoß innerhalb von 2 Jahren mind. 8.000€ pro Arbeitnehmer
Je nach Schwere des Verstoßes kann ein Dienstleistungsverbot in Frankreich für das entsendente Unternehmen von bis zu einem Monat verhängt werden.
Auch der Dienstleistungsempfänger in Frankreich kann zur Verantwortung gezogen werden";;"Nicht-Meldung, Unvollständigkeit oder Verspätung der Meldung: bis zu 20.000€ p. Arbeitnehmer für Erstvergehen
Vereitelungshandlungen: bis zu 40.000 €
Nichtbereithaltung/Nichtübermittlung von Lohnunterlagen: Bis zu 20.000 €, bei Wiederholungsfall bis zu 40.000 €
Nicht-Einhaltung des geltenden Lohns: Zwischen 20.000 € und 400.000€
Zusätzlich können ausländische Unternehmen von der Leistungserbringung in AT ausgeschlossen werden. ";;"Fehlende, nicht rechtzeitige oder nicht vollständige Meldung: Pro entsandten AN 5.580 bis 18.600 EUR. Verletzen der Aufbewahrungspflicht: Pro entsandten AN 600 bis 3.600 EUR. Nicht-Benennung eines Vertreters: Pro entsandten AN 2.400 bis 7.200 EUR.
Sonstige Sanktionen für Verstoße teilweise auf 180.000 EUR gedeckelt.";;"Fehlende, nicht rechtzeitige oder nicht vollständige Meldung sowie fehlende mitzuführende Dokumente: Geldstrafe von max. 5.000 CHF. Verstoß gegen die in der Schweiz geltenden Lohn- und Arbeitsbedingungen: Geldstrafe von max. 30.000 CHF, in besonders schweren Fällen aber auch Arbeitsverbot von ein bis fünf Jahren. Besonders schwere Vergehen können kumulativ bemessen werden und im Internet veröffentlich werden.
Schweizer Unternehmen müssen ausländische Subunternehmen zur Einhaltung der Gesetze verpflichten, ansonsten drohen bei Verstößen Strafzahlungen an das schweizerische Unternehmen.";;Abhängig vom konkreten Verstoß und von der Anzahl der betroffenen Mitarbeiter Strafen bis zwischen 2.000€ und 200.000€ für das Unternehmen;;Fehlende, nicht rechtzeitige oder nicht vollständige Meldung: Pro Verstoß Strafgebühr in Höhe von 20.000 SEK (ca. 1.750 EUR).;;Beträge werden abhängig der Schwere des Vergehens bestimmt;;Fehlende oder verspätete Meldung, Nicht-Benennung eines Vertreters: Pro entsandten AN Geldbuße von 240 EUR bis zu 7.200 EUR;;"Fehlende, nicht rechtzeitige oder nicht vollständige Meldung: pro AN Geldbuße bis zu 4.000 EUR. Bei Verletzen der Mitführungspflicht der Unterlagen und nicht Übersetzung des Arbeitsvertrages: pro AN Geldbuße bis 20.000 EUR. 
In Wiederholungsfällen Strafzahlungen bis 40.000 EUR möglich.";;2.500 € pro Mitarbeiter bis 600.000 €;;Die Höhe möglicher Strafzahlungen ist - je nach Qualifizierung des Verstoßes - sehr unterschiedlich und einzelfallabhängig (geregelt im Gesetz über sozialrechtliche Verstöße und Sanktionen;;Fehlende, nicht rechtzeitige oder nicht vollständige Meldung: Geldbuße von 1.000 EUR bis zu 10.000 EUR.;;"Nicht-Meldungen oder versäumte Änderungsmeldungen werden mit 
Bußgeldern von 10.000,- DKK (ca. 1.344,- EUR) bestraft  ";;"Fehlende, nicht rechtzeitige oder nicht vollständige Meldung: Pro Verstoß grundsätzlich Gelbuße pro Tag der Entsendedauer. Insgesamt jedoch nur bis zu einem Gesamtbetrag von etwa 4.400 EUR.
Für bestimmte Pflichtverstöße, z.B. bei Unterlassen der Meldungen an die COFTA, können, so-fern keine Geldbußen für unterlassene Meldungen auferlegt werden, Strafgebühren erhoben wer-den. Diese belaufen sich auf das 10-fache der jeweils geltenden norwegischen Rechtsgebühr, bei wiederholtem Unterlassen auf das bis zu 20-fache.";;"1.000€ - 5.000€ je nach fehlenden Dokumenten o. Schwere der Nichtmeldung/Falschmeldung
";;Fehlende, nicht rechtzeitige oder nicht vollständige Meldung: Bußgelder pro Verstoß in Höhe von bis zu 5.000 EUR;;Fehlende, nicht rechtzeitige oder nicht vollständige Meldung: Bußgelder pro Verstoß in Höhe von 6.000 EUR bis 60.000 EUR für den entsendenden Arbeitgeber oder den Ansprechpartner;;Abhängig vom konkreten Verstoß und von der Anzahl der betroffenen Mitarbeiter liegen die Strafen pro Arbeitnehmer zwischen 112 bis 10.640 EUR.;;"Bei Verstößen gegen den Arbeitsschutz (Alle Beteiligten)
• Bis zu 255 EUR bei Erstvergehen und 510 EUR bei wiederholtem Fall
Bei Verstößen gegen den Arbeitsschutz (Arbeitgeber)
• Bis zu 7.700 EUR bei Erstvergehen und 15.325 EUR bei wiederholtem Verstoß
Bei Verstößen gegen andere arbeitsrechtliche Vorschriften (Arbeitgeber):
• Bis zu 7.700 EUR bei Erstvergehen und 15.325 EUR bei wiederholtem Verstoß";;Verstöße gegen Meldepflichten können mit bis zu 1.500 EUR geahndet werden. Die Strafen werden in der Regel pro Verstoß, nicht pro AN verhängt.;;"Zwischen 1.000€ - 30.000€ für jeden administrativen Verstoß
Sanktionen für griechisches Unternehmen bei Nicht-Einhaltung der Sicherheit und Gesundheitsschutzes:
Temporäre Schließung der Betriebstätte für bis zu 3 Tage, bei besonders schweren
Vergehen auch dauerhafte Schließungen möglich";;Fehlende, nicht rechtzeitige oder nicht vollständige Meldung: Bußgelder in Höhe bis zu 32.000 EUR;;"Es können für Entsendefirma
o im Falle einer juristischen Person Bußgelder von HRK 10.000 bis HRK 30.000
o im Falle einer natürlichen Person Bußgelder von HRK 1.000 bis HRK 3.000 anfallen";;"Bei Verstoß gegen die Meldepflicht
• Geldstrafe von 360 bis 660 EUR für Arbeitgeber oder andere verantwortliche Personen an
• Bei wiederholten Verstößen beträgt die Geldstrafe zwischen 660 und 1320 EUR.
Nichtanwendung oder nicht ordnungsgemäße der Arbeitsschutzgesetze
• Geldstrafe von 420 bis 900 EUR für Arbeitgeber oder andere verantwortliche Personen
• Bei wiederholten Verstößen liegt die Geldstrafe zwischen 900 und 1680 EUR.";;Im Zusammenhang mit der Entsendung von Mitarbeitern drohen in Ungarn bei Missachtung der Anmeldung Verwaltungsstrafen von 5.000 bis 500.000,- HUF bzw. 3.000 bis 5.000,- EUR;;Nicht genau definiert;;Abhängig vom konkreten Verstoß Bußgeld in Höhe von bis zu 10.000 EUR pro Verstoß. Im Falle eines wiederholten Verstoßes Bußgeld in Höhe bis zu 20.000 EUR.;;"Bei Nichteinhaltung der gesetzlich festgelegten Arbeitsbedingungen bis zu 
500.000€ Bußgeld nach §23 Abs. 1 Arbeitnehmer-Entsendegesetz 
• Bei Nicht-Meldung oder bei Versäumen von Änderungsmeldungen bis zu 
30.000€ Bußgeld nach §23 Abs. 1 Arbeitnehmer-Entsendegesetz ";;"Bei fehlender oder zu später Meldung können Strafen von 1.000€ verhängt 
werden (Level 3 on the Standard Scale of Fines for Offences)";Nicht definiert;"Bei Nicht-Meldung, verspäteter Meldung oder nicht mitgeführten Dokumenten 
können sowohl Geldstrafen von 200 CHF bis 20.000 CHF für den 
entsendenden Arbeitnehmer und Auftraggeber als auch eine Entsendesperre 
für den entsendenden Arbeitgeber verhängt werden. ";;;;;;;;;;;;;;;;;;;;;;;;;;;;;;;;;;;;;;;;;;;;
;;;;;;;;;;;;;;;;;;;;;;;;;;;;;;;;;;;;;;;;;;;;;;;;;;;;;;;;;;;;;;;;;;;;;;;;;;;;;;;;;;;;;;;;;;;;;;;;;;;;;;;;
Quellen;;;;;;Ministero de lavoro;;"Letztlich ist immer das Unternehmenskontingent der limitierende Faktor. 
Um die 90-unternehmensbezogenen-Tage bestmöglich zu nutzen, sollten möglichst viele Arbeitskräfte eines Unternehmens gebündelt an einem Tag in der Schweiz arbeiten.";;;;;;;;;;;;;;;;Meldepoartal;;Meldeportal;;;;Meldeportal des ITM;;Entsendeformular;;;;;;General labour Inspectorate;;;;Hellenic labour inspectorate;;Labour Inspectorate;;Ministerium für Arbeit und Soziales;;Arbeitsbehörde;;"ab 90 Tagen Aufenthaltsgenehmigung
";;Ministry of Welfare;;;;Deutscher Zoll;;HM Goverment of Gibraltar;Arbeitsdirektion;Keine Aufbewahrungspflichten;;;;;;;;;;;;;;;;;;;;;;;;;;;;;;;;;;;;;;;;;;;;
;;;;;;Transnationale Entsendungen;;;;;;;;;;;;;;;;;;;;;;;;;;;;;;;;;;;;;;Rechtsgrundlage;;;;;;;;;;;;;;Standard Scale of Fines for Offences in Criminal Procedure and Evidence Act 2011;;;;;;;;;;;;;;;;;;;;;;;;;;;;;;;;;;;;;;;;;;;;;;
;;;;;;GvD Nr. 136/2016 nach italienischem Recht;;;;;;;;;;;;;;;;;;Occupational Health and Safety Administration in Finnland;;Zusammenfassung der Entsendebestimmung;;;;;;;;;;;;Meldeportal;;;;;;Öffentliches Entsendungsverzeichnis;;Entsendeformular;;Meldungsportal;;;;State Labour Inspectorare of Latvia;;;;Meldeportal Mindestlohn;;Kontaktmail: paye.detachedworkers@gibraltar.gov.gi;Zusammenfassung der Meldepflicht;Online Entsendeformular (mit Registrierung);;;;;;;;;;;;;;;;;;;;;;;;;;;;;;;;;;;;;;;;;;;;
;;;;;;;;;;;;;;;;;;;;;;;;;;;;;;;;;;;;;;;;;;;;;;;;;;;;;;;;;;;Isländische;I;;;;;;;;;;;;;;;;;;;;;;;;;;;;;;;;;;;;;;;;;;;;
;;;;;;;;;;;;;;;;;;;;;;;;Rechtsgrundlage;;Danish Business Authority;;;;Administration de l'enregistrement, des domaines et de la TVA: ;;Merkblatt zum Entsendeformular;;;;;;Sanktionen im Detail;;;;Rechtsgrundlage;;Meldeportal;;;;Rechtsgrundlage;;;;Guidelines;;;;§18 AentG Meldepflicht, §19 Erstellen und Bereithalten von Dokumenten;;;Isländische Steuerbehörde;Onlineportal (ohne Registrierung);;;;;;;;;;;;;;;;;;;;;;;;;;;;;;;;;;;;;;;;;;;;
;;;;;;;;;;;;;;;;;;;;;;;;;;;;;;;;;;;;;;;;;;;;;;;;;;;;;;;;;;;Meldeportal;;;;;;;;;;;;;;;;;;;;;;;;;;;;;;;;;;;;;;;;;;;;;
;;;;;;;;;;;;;;;;;;;;;;;;;;AFU Fund;;;;Informationsseite Luxemburg;;Work Place Relations;;;;;;;;;;Liste der Arbeitsinspektionen;;;;;;;;;;;;;;;;;;;;;;;;;;;;;;;;;;;;;;;;;;;;;;;;;;;;;;;;;;;;;;
;;;;;;;;;;;;;;;;;;;;;;;;;;;;;;;;;;;;;;;;;;;;;;;;;;;;;;;;;;;;;;;;;;;;;;;;;;;;;;;;;;;;;;;;;;;;;;;;;;;;;;;;
;;;;;;;;;;;;;;;;;;;;;;;;;;Rechtsgrundlage auf Dänisch;;;;;;;;;;;;;;;;;;;;;;;;;;;;;;;;;;;;;;;;;;;;;;;;;;;;;;;;;;;;;;;;;;;;;;;;;;;;;;
;;;;;;;;;;;;;;;;;;;;;;;;;;;;;;;;;;;;;;;;;;;;;;;;;;;;;;;;;;;;;;;;;;;;;;;;;;;;;;;;;;;;;;;;;;;;;;;;;;;;;;;;
;;;;;;;;;;;;;;;;;;;;;;;;;;Mobiles Arbeiten ;;;;;;;;;;;;;;;;;;;;;;;;;;;;;;;;;;;;;;;;;;;;;;;;;;;;;;;;;;;;;;;;;;;;;;;;;;;;;;
;;;;;;;;;;;;;;;;;;;;;;;;;;;;;;;;;;;;;;;;;;;;;;;;;;;;;;;;;;;;;;;;;;;;;;;;;;;;;;;;;;;;;;;;;;;;;;;;;;;;;;;;
;;;;;;;;;;;;;;;;;;;;;;;;;;;;;;;;;;;;;;;;;;;;;;;;;;;;;;;;;;;;;;;;;;;;;;;;;;;;;;;;;;;;;;;;;;;;;;;;;;;;;;;;
;;;;;;;;;;;;;;;;;;;;;;;;;;;;;;;;;;;;;;;;;;;;;;;;;;;;;;;;;;;;;;;;;;;;;;;;;;;;;;;;;;;;;;;;;;;;;;;;;;;;;;;;
;;;;;;;;;;;;;;;;;;;;;;;;;;;;;;;;;;;;;;;;;;;;;;;;;;;;;;;;;;;;;;;;;;;;;;;;;;;;;;;;;;;;;;;;;;;;;;;;;;;;;;;;
;;;;;;;;;;;;;;;;;;;;;;;;;;;;;;;;;;;;;;;;;;;;;;;;;;;;;;;;;;;;;;;;;;;;;;;;;;;;;;;;;;;;;;;;;;;;;;;;;;;;;;;;
;;;;;;;;;;;;;;;;;;;;;;;;;;;;;;;;;;;;;;;;;;;;;;;;;;;;;;;;;;;;;;;;;;;;;;;;;;;;;;;;;;;;;;;;;;;;;;;;;;;;;;;;
;;;;;;;;;;;;;;;;;;;;;;;;;;;;;;;;;;;;;;;;;;;;;;;;;;;;;;;;;;;;;;;;;;;;;;;;;;;;;;;;;;;;;;;;;;;;;;;;;;;;;;;;
;;;;;;;;;;;;;;;;;;;;;;;;;;;;;;;;;;;;;;;;;;;;;;;;;;;;;;;;;;;;;;;;;;;;;;;;;;;;;;;;;;;;;;;;;;;;;;;;;;;;;;;;
;;;;nicht berücksichtigt: Meldefrist von Änderungen verschiedener Angaben. ;;;;;;;;;;;;;;;;;;;;;;;;;;;;;;;;;;;;;;;;;;;;;;;;;;;;;;;;;;;;;;;;;;;;;;;;;;;;;;;;;;;;;;;;;;;;;;;;;;;;
;;;;;;;;;;;;;;;;;;;;;;;;;;;;;;;;;;;;;;;;;;;;;;;;;;;;;;;;;;;;;;;;;;;;;;;;;;;;;;;;;;;;;;;;;;;;;;;;;;;;;;;;
;;;;;;;;;;;;;;;;;;;;;;;;;;;;;;;;;;;;;;;;;;;;;;;;;;;;;;;;;;;;;;;;;;;;;;;;;;;;;;;;;;;;;;;;;;;;;;;;;;;;;;;;
;;;;;;;;;;;;;;;;;;;;;;;;;;;;Vor der Mitarbeiterentsendung muss das entsendende Unternehmen eine Organisationsnummer beantragen. Die Meldung muss in mehreren Schritten erfolgen: 1. Online Antrag mit Formular RF 1199 für D-Nummer 2. Persönliche Vorstellung zur ID-Kontrolle bei der zuständigen örtlichen Behörde. 3. Austellung der D-Nummer. 4. Ausstellung der Tax-Deduction Card;;;;;;;;;;;;;;;;;;;;;;;;;;;;;;;;;;;;;;;;;;;;;;;;;;;;;;;;;;;;;;;;;;;;;;;;;;;;
;;;;jegliche Erfordernis von Aufenthaltsgenehmigungen;;;;;;;;;;;;;;;;;;;;;;;;;;;;;;;;;;;;;;;;;;;;;;;;;;;;;;;;;;;;;;;;;;;;;;;;;;;;;;;;;;;;;;;;;;;;;;;;;;;;
;;;;;;;;;;;;;;;;;;;;;;;;;;;;;;;;;;;;;;;;;;;;;;;;;;;;;;;;;;;;;;;;;;;;;;;;;;;;;;;;;;;;;;;;;;;;;;;;;;;;;;;;
;;;;;;;;;;;;;;;;;;;;;;;;;;;;;;;;;;;;;;;;;;;;;;;;;;;;;;;;;;;;;;;;;;;;;;;;;;;;;;;;;;;;;;;;;;;;;;;;;;;;;;;;
;;;;;;;;;;;;;;;;;;;;;;;;;;;;;;;;;;;;;;;;;;;;;;;;;;;;;;;;;;;;;;;;;;;;;;;;;;;;;;;;;;;;;;;;;;;;;;;;;;;;;;;;
;;;;alle Themenbereiche die den Bereich der Arbeitnehmerüberlassung betreffen;;;;;;;;;;;;;;;;;;;;;;;;;;;;;;;;;;;;;;;;;;;;;;;;;;;;;;;;;;;;;;;;;;;;;;;;;;;;;;;;;;;;;;;;;;;;;;;;;;;;
;;;;;;;;;;;;;;;;;;;;;;;;;;;;;;;;;;;;;;;;;;;;;;;;;;;;;;;;;;;;;;;;;;;;;;;;;;;;;;;;;;;;;;;;;;;;;;;;;;;;;;;;
;;;;;;;;;;;;;;;;;;;;;;;;;;;;;;;;;;;;;;;;;;;;;;;;;;;;;;;;;;;;;;;;;;;;;;;;;;;;;;;;;;;;;;;;;;;;;;;;;;;;;;;;
;;;;grundsätzlich müssen Dokumentene die geltenden Arbeitsbedingungen der Aufnahmestaaten nachweisen;;;;;;;;;;;;;;;;;;;;;;;;;;;;;;;;;;;;;;;;;;;;;;;;;;;;;;;;;;;;;;;;;;;;;;;;;;;;;;;;;;;;;;;;;;;;;;;;;;;;
;;;;;;;;;;;;;;;;;;;;;;;;;;;;;;;;;;;;;;;;;;;;;;;;;;;;;;;;;;;;;;;;;;;;;;;;;;;;;;;;;;;;;;;;;;;;;;;;;;;;;;;;
;;;;;;;;;;;;;;;;;;;;;;;;;;;;;;;;;;;;;;;;;;;;;;;;;;;;;;;;;;;;;;;;;;;;;;;;;;;;;;;;;;;;;;;;;;;;;;;;;;;;;;;;
;;;;;;;;;;;;;;;;;;;;;;;;;;;;;;;;;;;;;;;;;;;;;;;;;;;;;;;;;;;;;;;;;;;;;;;;;;;;;;;;;;;;;;;;;;;;;;;;;;;;;;;;
